draw_id,date,numbers,extra_ball,snowball_code,snowball_name_ch,total_turnover,p1,p1_units,p2,p2_units,p3,p4,p5,p6,p7
SYN00001,07/01/2020,"19,43,47,38,10,5",14,,,45681827.57,1635774.08,91.05,141791.25,1428.86,21220.66,25886.63,1106.07,3062.78,335.34
SYN00002,09/01/2020,"49,31,9,14,35,12",17,,,67124706.56,2145450.38,139.41,201983.9,565.33,40790.28,12805.46,1862.5,952.93,1894.63
SYN00003,11/01/2020,"21,35,45,46,24,6",27,,,61216500.14,1827678.19,106.54,280175.94,567.5,74264.83,13934.32,8318.66,3293.31,251.97
SYN00004,14/01/2020,"47,30,10,19,1,22",45,,,69305193.09,4593547.08,193.74,252196.16,1234.03,95331.84,28049.96,5490.26,4279.46,1314.02
SYN00005,16/01/2020,"49,34,43,33,16,13",13,,,43076855.35,1777039.83,55.11,93481.09,1592.0,75335.25,16073.07,1984.43,633.42,1282.98
SYN00006,18/01/2020,"6,31,30,9,27,34",34,,,49323220.64,3761027.57,147.16,253162.52,926.1,39885.44,17808.26,3114.0,3763.81,1009.36
SYN00007,21/01/2020,"45,10,42,5,33,43",28,,,43197220.55,4998773.82,26.74,102057.27,1237.74,49277.54,28612.64,1484.46,775.45,1245.76
SYN00008,23/01/2020,"6,39,34,13,31,16",3,,,60260630.93,1625901.01,64.45,61997.15,1544.75,41186.9,28858.58,6788.12,2743.85,1878.5
SYN00009,25/01/2020,"36,1,18,34,4,40",1,,,69422585.77,1619885.5,206.02,124516.04,1014.29,56393.02,26738.5,9553.43,2227.23,1414.46
SYN00010,28/01/2020,"49,2,1,44,14,20",2,,,57807151.16,4984805.96,43.69,203108.14,278.71,46258.52,26991.2,8932.83,829.22,836.62
SYN00011,30/01/2020,"6,39,48,33,3,21",23,,,67040594.79,1756760.2,134.73,146567.16,803.82,83042.02,20109.38,4503.35,2732.81,1440.5
SYN00012,01/02/2020,"32,33,10,18,42,20",24,,,60063272.99,2196040.01,177.7,247968.4,1456.88,20375.29,25934.06,1453.1,1062.55,1507.47
SYN00013,04/02/2020,"21,39,15,26,12,38",28,,,58120751.07,4590540.45,31.93,209991.79,1433.62,88169.15,17029.17,4842.61,1909.49,1631.61
SYN00014,06/02/2020,"6,2,16,8,44,21",1,,,45004429.67,3071765.24,132.49,39212.05,1422.72,22916.21,20540.21,3941.31,1200.97,1582.4
SYN00015,08/02/2020,"20,41,19,18,11,30",46,,,47388936.04,4681950.17,169.9,52682.46,604.87,33517.83,23072.0,9462.99,3762.19,1547.32
SYN00016,11/02/2020,"6,30,13,25,7,46",6,,,47467932.81,2137997.14,192.69,138323.35,1878.56,55288.51,6466.96,1658.74,775.66,725.01
SYN00017,13/02/2020,"21,41,27,36,28,24",35,,,49043389.55,674287.45,279.9,280548.78,666.5,42521.32,16982.88,3206.18,3817.24,1880.86
SYN00018,15/02/2020,"10,27,28,13,31,43",2,,,58208842.9,3388824.12,104.92,153398.99,787.61,31453.98,15757.51,9773.85,4972.33,1208.26
SYN00019,18/02/2020,"30,17,46,29,5,34",44,,,41663070.49,2665534.15,163.51,98343.97,899.79,60172.92,21213.31,3412.52,1315.01,919.74
SYN00020,20/02/2020,"7,12,8,39,22,18",5,,,67724834.22,2248169.03,22.8,208145.78,1612.33,32265.21,7510.04,1262.36,1955.03,1551.0
SYN00021,22/02/2020,"45,31,28,48,49,43",22,,,59009844.35,1189366.26,103.53,233233.24,1075.86,55481.09,7852.63,4816.08,3217.89,411.08
SYN00022,25/02/2020,"11,30,20,7,5,42",1,,,67767092.42,3572185.47,237.09,161251.52,1247.84,36740.4,9009.34,3841.2,2151.4,1141.31
SYN00023,27/02/2020,"38,44,35,34,39,25",8,,,53263149.84,759466.52,70.93,160479.9,1254.48,82577.12,6079.89,6962.9,1397.62,1904.18
SYN00024,29/02/2020,"19,32,46,44,31,10",32,,,43683251.08,4418900.56,297.86,120348.98,1069.53,47549.58,28573.81,2580.98,1611.65,1364.94
SYN00025,03/03/2020,"42,1,29,30,15,11",42,,,69993744.15,2365476.62,69.74,239197.71,1328.41,59447.42,15928.91,9233.29,3804.5,937.46
SYN00026,05/03/2020,"41,16,29,15,19,5",48,,,55000851.58,3455162.98,215.65,43902.86,934.39,41277.14,9625.93,5862.41,1057.54,1503.73
SYN00027,07/03/2020,"28,21,36,1,6,27",30,,,42283730.49,3837752.07,28.83,54666.82,1175.7,78887.74,9204.05,9118.08,2500.16,1898.14
SYN00028,10/03/2020,"41,15,24,2,33,48",3,,,47029501.43,3725558.02,205.51,261014.13,842.93,20767.8,29241.4,5715.92,4715.61,489.89
SYN00029,12/03/2020,"46,7,17,22,12,40",40,,,68294829.72,2771348.74,247.59,140831.04,1079.33,54956.93,22915.02,8860.45,2846.98,1223.58
SYN00030,14/03/2020,"31,37,26,35,44,32",16,,,47294352.53,2381429.77,33.63,116920.94,1579.6,48903.09,17250.66,1691.52,845.38,1699.51
SYN00031,17/03/2020,"15,28,11,39,24,33",22,,,65542010.34,2531618.38,147.33,248992.0,1884.88,29886.84,10963.19,3536.28,2316.06,1992.77
SYN00032,19/03/2020,"40,44,19,25,18,23",7,,,69284374.53,2839949.1,288.84,53662.42,1471.47,34123.53,26321.13,4976.54,2060.91,1027.87
SYN00033,21/03/2020,"30,11,4,47,27,21",9,,,62737240.81,3710839.54,226.08,56053.64,1780.19,19731.76,28668.13,7118.17,2260.55,1059.57
SYN00034,24/03/2020,"29,21,31,47,24,20",6,,,40524305.61,845682.09,55.4,64949.06,1904.03,74604.34,7348.4,8950.84,1160.98,1597.9
SYN00035,26/03/2020,"9,47,28,22,36,24",48,,,48533976.57,3643646.89,29.62,130658.39,1023.92,66520.02,26416.81,8890.08,1080.18,1864.54
SYN00036,28/03/2020,"25,19,35,43,7,27",31,,,63441827.6,2627616.73,32.1,264529.82,1085.72,41680.95,14195.0,2874.56,2399.46,1850.84
SYN00037,31/03/2020,"6,11,16,33,40,45",39,,,47136651.02,1533192.7,97.4,279910.91,1135.89,86910.23,18460.92,7099.45,2415.94,377.39
SYN00038,02/04/2020,"6,14,10,4,47,40",32,,,49394102.63,3291463.02,127.04,163091.52,556.84,11568.01,17460.48,6010.48,4238.77,467.6
SYN00039,04/04/2020,"17,19,30,7,4,35",24,,,50320759.56,4053815.33,173.85,171566.05,1605.99,92106.31,27847.96,1711.26,3533.9,1253.6
SYN00040,07/04/2020,"6,38,31,24,23,19",8,,,66772610.93,811002.48,20.08,94206.89,513.66,95900.29,3194.49,8704.03,738.83,1558.11
SYN00041,09/04/2020,"6,4,18,5,30,11",31,,,42153856.48,4245093.38,73.1,168571.59,1184.86,82046.63,20478.59,3427.83,3342.94,694.49
SYN00042,11/04/2020,"41,46,15,25,32,42",5,,,51394739.7,3005417.96,36.75,234381.43,1363.99,77792.62,28752.11,5506.49,1363.1,519.89
SYN00043,14/04/2020,"46,45,44,17,6,28",4,,,49463958.32,3690873.17,276.2,187421.95,1410.78,77848.2,27754.08,9057.54,2469.91,677.42
SYN00044,16/04/2020,"24,2,33,15,18,37",13,,,59255694.44,2926130.52,194.75,99878.95,500.89,25930.01,17412.37,7562.6,3912.02,1393.94
SYN00045,18/04/2020,"24,8,43,22,5,18",46,,,45409532.69,3282866.3,241.04,153937.39,1026.77,86787.95,25501.5,9501.01,3876.83,372.32
SYN00046,21/04/2020,"48,10,31,29,19,30",49,,,42651717.98,4675977.8,194.28,249401.57,1872.55,75286.69,28038.27,9771.86,3202.29,611.57
SYN00047,23/04/2020,"24,48,4,46,44,2",17,,,62036879.9,3952345.16,56.79,46741.91,574.26,56234.5,21445.06,4069.73,4686.19,1266.53
SYN00048,25/04/2020,"15,1,18,2,30,24",16,,,48516347.65,2473693.26,279.5,44296.0,1719.05,63558.48,22504.13,2112.54,4735.2,245.29
SYN00049,28/04/2020,"34,27,46,2,37,22",12,,,43312764.75,3215126.43,134.96,256427.13,1441.36,97321.17,13973.42,9456.8,2436.51,1986.86
SYN00050,30/04/2020,"46,9,11,38,18,39",6,,,51794383.1,3001195.27,192.87,138553.79,370.63,67846.04,16597.32,7850.6,3358.05,484.47
SYN00051,02/05/2020,"23,8,38,36,19,18",44,,,46760803.68,1101058.29,202.69,238089.04,853.82,57566.69,23142.89,5145.41,697.56,1270.23
SYN00052,05/05/2020,"27,29,17,33,20,2",34,,,49098148.83,1191869.07,244.34,202669.73,1945.59,15535.69,17345.68,4733.99,773.96,1706.45
SYN00053,07/05/2020,"33,23,48,5,21,42",41,,,55761663.87,2975460.03,91.09,182043.64,1467.73,73338.26,20954.99,9404.92,1523.2,576.8
SYN00054,09/05/2020,"43,2,29,18,26,25",26,,,47861515.8,2677297.62,122.3,61564.78,1929.46,35506.44,28150.16,8684.92,1657.84,453.37
SYN00055,12/05/2020,"14,32,20,28,18,26",44,,,49966251.5,811385.11,88.6,163826.14,1150.28,65044.2,3638.75,7555.62,1432.7,1624.96
SYN00056,14/05/2020,"40,25,9,26,5,13",29,,,69024441.47,2574817.74,81.83,59598.5,1989.66,51108.93,4531.73,3252.8,2638.44,1435.5
SYN00057,16/05/2020,"15,49,32,42,2,5",10,,,62430705.52,1118802.46,58.45,299243.93,1631.24,96685.43,24561.41,6484.93,2452.45,1155.67
SYN00058,19/05/2020,"26,14,16,23,28,49",49,,,63243026.96,4511615.19,159.63,57972.05,867.75,65518.84,25746.11,1844.8,3141.68,1259.1
SYN00059,21/05/2020,"3,17,11,2,36,39",29,,,68831941.03,4281201.03,265.3,119815.62,1004.34,79921.13,12811.23,7101.84,3559.63,1222.8
SYN00060,23/05/2020,"26,16,5,33,13,9",5,,,59729468.88,3931270.93,72.93,166509.84,1789.06,86739.78,21449.02,5533.28,2079.45,1021.55
SYN00061,26/05/2020,"24,11,14,46,27,49",35,,,65132178.16,3153232.53,128.98,72563.65,353.48,87597.64,24921.58,7842.92,2059.38,505.16
SYN00062,28/05/2020,"28,48,25,39,37,22",17,,,41328660.03,3889890.43,299.25,268209.67,517.58,64324.11,26850.56,1228.14,3462.59,796.96
SYN00063,30/05/2020,"12,45,42,5,8,19",34,,,62677964.3,1638438.5,209.02,48418.66,491.34,52095.12,4633.09,6633.54,2044.17,1147.48
SYN00064,02/06/2020,"26,27,32,18,12,19",40,,,66509492.06,1960629.22,136.87,153912.82,381.3,37772.27,21737.61,3552.34,4196.92,1613.69
SYN00065,04/06/2020,"10,31,41,26,39,15",1,,,53955199.93,4215773.19,232.7,297287.36,825.19,21038.55,29115.53,3347.12,4080.67,683.07
SYN00066,06/06/2020,"3,10,29,1,24,27",10,,,62720163.32,1300057.9,169.51,240935.69,1046.8,31875.44,20448.53,3628.16,1921.78,1173.43
SYN00067,09/06/2020,"39,27,6,17,35,22",41,,,51222754.64,2704013.36,201.93,135102.51,1953.26,87846.97,5638.21,4846.95,4410.85,820.17
SYN00068,11/06/2020,"49,40,26,4,42,28",19,,,66401579.77,2991873.71,113.48,136686.64,1912.27,57046.67,15307.13,9947.24,2983.8,1869.26
SYN00069,13/06/2020,"17,40,9,11,24,23",23,,,65628096.74,2107848.77,22.3,208241.46,1559.54,19835.76,14806.01,5763.6,2663.78,228.47
SYN00070,16/06/2020,"10,43,46,33,21,40",27,,,61401458.14,4735546.81,107.0,128104.09,1151.03,53291.9,3090.84,1316.66,3667.4,656.65
SYN00071,18/06/2020,"28,24,31,6,15,47",22,,,42591355.6,3947184.54,157.92,78737.19,945.88,80032.29,27222.92,4274.61,3802.65,1672.87
SYN00072,20/06/2020,"11,3,40,34,16,17",47,,,45267900.99,4695756.09,91.65,70698.19,1570.81,73621.4,21868.09,5794.0,508.11,998.44
SYN00073,23/06/2020,"2,33,39,25,45,10",32,,,68064441.85,2863095.63,136.22,59920.6,1629.39,94163.85,27892.52,6338.67,1352.07,1311.99
SYN00074,25/06/2020,"48,13,17,39,5,18",40,,,46297113.53,2667054.76,125.36,256118.61,768.09,52697.4,11234.45,1347.1,3004.79,1977.24
SYN00075,27/06/2020,"42,39,41,16,49,17",29,,,53488571.18,4108199.68,252.45,263704.11,721.44,24277.3,18762.47,2057.11,983.47,1724.56
SYN00076,30/06/2020,"17,10,11,6,4,22",5,,,44713915.34,3837786.37,190.52,272620.25,821.17,94308.1,7077.96,5851.87,4957.12,1251.02
SYN00077,02/07/2020,"16,38,5,24,2,21",2,,,44853454.1,4088738.14,231.39,218736.24,1094.39,61900.74,11126.42,5978.45,2139.81,871.53
SYN00078,04/07/2020,"13,15,18,45,44,20",23,,,69500717.38,3542519.75,116.58,151754.35,1719.06,83218.36,14033.76,1130.56,2622.4,421.55
SYN00079,07/07/2020,"22,9,18,7,49,36",42,,,45098955.9,971508.14,35.38,116738.67,639.63,27300.09,27994.09,8028.46,687.92,1791.84
SYN00080,09/07/2020,"19,43,9,40,16,31",48,,,43683008.54,3349658.22,131.38,240681.93,1254.65,84679.1,6642.42,2810.21,2418.72,1682.29
SYN00081,11/07/2020,"30,11,44,19,34,3",21,,,58659343.71,2328950.88,61.13,213372.62,1885.09,37070.45,24867.8,1972.61,3779.42,246.96
SYN00082,14/07/2020,"25,15,10,7,1,35",28,,,58417756.52,1453267.42,129.3,266303.37,874.94,16573.48,6752.86,7074.19,3678.63,1170.49
SYN00083,16/07/2020,"35,36,21,8,10,32",16,,,54340812.53,3211717.65,265.85,264786.35,237.49,96723.39,22793.63,8516.78,1133.64,232.98
SYN00084,18/07/2020,"4,33,41,2,37,35",11,,,47485391.74,3952943.92,62.71,251507.73,635.11,51364.05,8935.58,3437.56,1200.8,976.68
SYN00085,21/07/2020,"10,20,5,48,39,11",4,,,44932321.69,695633.8,288.75,94314.34,1966.83,56324.97,21426.72,8870.3,4419.57,1388.57
SYN00086,23/07/2020,"14,7,36,6,22,47",24,,,42840273.29,4404060.72,23.54,192794.87,428.82,98353.73,23367.29,1147.02,3604.97,918.97
SYN00087,25/07/2020,"29,10,38,34,43,2",40,,,60353071.7,3131312.66,161.42,161757.98,1281.17,78198.0,3050.35,9428.81,3529.8,881.86
SYN00088,28/07/2020,"45,48,49,42,29,26",47,,,45627326.18,1551672.51,94.37,128308.04,1622.29,64949.0,10993.36,3832.66,785.51,774.8
SYN00089,30/07/2020,"25,45,48,38,26,7",15,,,59831595.27,2061776.2,53.18,60016.85,859.22,67018.77,4825.6,8563.82,4537.21,1629.37
SYN00090,01/08/2020,"4,11,28,26,35,2",49,,,51253702.38,2589191.9,141.35,290738.17,680.94,85877.14,17612.7,1281.38,1127.49,246.23
SYN00091,04/08/2020,"4,43,41,39,13,40",13,,,46561375.09,3811220.06,56.89,214724.49,1741.93,99712.11,4069.48,9722.71,4989.72,1475.25
SYN00092,06/08/2020,"35,1,22,36,10,8",13,,,40274041.72,3169828.28,186.94,85499.76,899.02,37633.3,6174.37,1440.31,1338.46,993.84
SYN00093,08/08/2020,"9,29,36,16,6,26",6,,,65975301.52,774000.45,189.03,155559.25,760.74,70838.47,27417.74,2819.69,1216.35,432.91
SYN00094,11/08/2020,"49,39,13,5,37,47",41,,,53868631.79,4169117.5,83.93,55819.74,1074.13,19559.29,18416.54,1427.98,3780.9,973.8
SYN00095,13/08/2020,"43,41,46,22,42,13",45,,,52091033.56,586724.13,119.47,43387.22,1421.68,57560.45,24226.4,3669.24,4153.02,1038.64
SYN00096,15/08/2020,"45,1,14,19,10,39",39,,,65602757.41,3816623.67,168.14,219480.59,829.74,87297.67,13831.65,2975.43,3325.34,704.37
SYN00097,18/08/2020,"44,20,7,45,38,11",23,,,55604600.69,3407687.02,172.75,144171.51,1291.41,43394.7,22893.81,4785.11,3613.09,1707.41
SYN00098,20/08/2020,"27,15,36,38,3,5",22,,,61941948.63,3348752.6,90.54,138678.8,1624.97,53275.25,15757.3,2361.71,3567.8,374.59
SYN00099,22/08/2020,"39,40,8,24,35,41",1,,,67657784.24,3817334.52,103.25,280264.75,1669.05,14755.95,4310.19,5405.28,4487.67,1633.17
SYN00100,25/08/2020,"8,3,33,23,25,41",49,,,57395710.24,3403282.86,179.64,154668.9,1013.88,87276.4,12775.02,9975.89,1529.94,1943.21
SYN00101,27/08/2020,"39,27,24,7,22,48",24,,,48120489.62,3900020.46,169.61,244744.82,1815.1,85037.96,8512.65,4729.58,2293.03,1699.3
SYN00102,29/08/2020,"37,33,2,39,49,45",10,,,60114819.05,966281.07,102.87,121387.1,1081.95,72541.44,8548.67,2918.37,2451.76,1002.55
SYN00103,01/09/2020,"43,18,25,21,32,36",6,,,65588397.89,2251035.93,127.88,189383.24,446.8,39066.22,7448.41,9329.19,4930.94,1603.71
SYN00104,03/09/2020,"35,48,22,25,18,4",19,,,45426888.53,3157513.88,85.46,294100.5,1505.52,93840.86,15899.28,8665.33,4575.49,1714.08
SYN00105,05/09/2020,"29,40,1,12,18,10",21,,,63685861.23,3794408.47,91.14,127758.62,1428.21,79022.53,24278.28,6294.99,2310.63,729.79
SYN00106,08/09/2020,"44,2,31,5,37,4",45,,,49802476.4,3622981.15,201.46,186299.05,1960.11,71406.06,19775.44,6890.16,1349.4,1518.15
SYN00107,10/09/2020,"47,14,21,8,4,6",40,,,63473791.27,2990589.62,140.63,280020.56,1474.56,52385.75,9507.78,6892.2,3167.99,393.25
SYN00108,12/09/2020,"12,6,4,46,33,49",40,,,57563773.48,3213309.15,203.04,101831.53,1432.85,59764.77,19849.78,1380.74,4475.49,975.59
SYN00109,15/09/2020,"19,10,9,44,20,8",2,,,68094658.83,3868254.51,69.38,167819.62,1270.71,41936.99,25441.77,8583.63,4929.03,1510.14
SYN00110,17/09/2020,"12,23,15,16,40,33",8,,,46884445.33,3932011.47,283.1,66252.03,1958.71,51880.35,22139.58,2959.17,1600.32,1440.91
SYN00111,19/09/2020,"20,34,6,24,40,16",36,,,57108886.25,1758434.17,93.72,165629.45,1099.04,64220.35,17283.1,8052.59,3595.81,1650.07
SYN00112,22/09/2020,"37,27,33,7,12,23",27,,,66795556.81,719379.67,158.17,119530.99,1323.95,58079.4,6379.52,4641.69,2156.17,884.02
SYN00113,24/09/2020,"24,42,46,32,5,17",11,,,46538068.53,3512442.39,272.31,261338.68,1854.83,35328.39,20015.94,9791.49,1572.62,1044.66
SYN00114,26/09/2020,"26,17,40,27,48,6",47,,,49823107.82,3430095.0,190.02,257469.22,1369.15,63768.32,19059.67,2323.64,3157.5,561.48
SYN00115,29/09/2020,"3,36,17,37,5,28",20,,,48702403.93,3196909.07,76.19,196532.74,490.41,80270.49,8921.62,7535.0,1968.79,1927.02
SYN00116,01/10/2020,"6,43,32,44,2,4",6,,,67749802.39,3125138.13,282.43,125139.8,288.53,35035.45,11002.07,7435.01,3264.03,414.79
SYN00117,03/10/2020,"47,43,38,18,22,19",1,,,60837789.37,689512.06,191.86,259485.68,704.67,26129.06,20878.32,3764.86,4723.91,1488.45
SYN00118,06/10/2020,"32,37,13,11,43,46",4,,,68698292.25,1037060.83,55.01,100274.95,967.04,70167.16,16942.39,8630.62,2299.6,317.46
SYN00119,08/10/2020,"10,21,48,12,20,49",4,,,48940327.03,4084711.22,65.82,31958.44,1776.99,97222.62,20446.44,5205.6,1124.9,916.53
SYN00120,10/10/2020,"28,16,6,23,43,36",36,,,51633560.73,2131834.62,83.22,165254.52,1903.06,64793.17,25466.15,2323.93,3493.12,1550.11
SYN00121,13/10/2020,"16,13,29,41,39,26",10,,,56116010.49,654138.59,289.16,186386.71,1211.41,12405.6,11943.86,8857.85,3464.38,993.47
SYN00122,15/10/2020,"29,32,23,24,42,7",34,,,41488066.26,853418.12,46.22,128839.21,702.54,53998.4,20109.04,1561.17,2525.83,1959.32
SYN00123,17/10/2020,"45,23,20,34,33,24",49,,,46731900.83,993813.52,120.12,41871.65,908.08,93896.31,28596.72,7567.19,3778.6,1505.17
SYN00124,20/10/2020,"6,17,47,9,37,41",22,,,69634704.95,4131084.44,94.62,154052.03,212.47,37370.06,28582.46,1646.38,2051.17,1757.53
SYN00125,22/10/2020,"20,22,5,23,29,31",25,,,68521967.68,3128012.84,149.62,231797.59,1918.0,68772.06,8355.43,4882.44,2321.67,303.4
SYN00126,24/10/2020,"46,20,9,36,13,41",2,,,48585893.94,2571422.54,237.26,47446.05,1216.49,61481.36,25017.6,1622.34,2281.71,598.15
SYN00127,27/10/2020,"34,13,10,15,37,21",3,,,43724944.52,3270441.7,236.06,100587.89,694.89,59118.92,11623.77,2330.88,945.29,1037.76
SYN00128,29/10/2020,"16,48,5,33,27,30",35,,,68033549.57,2747859.83,90.54,231986.8,493.63,11797.71,24380.67,9278.34,2673.0,353.9
SYN00129,31/10/2020,"2,21,36,7,12,13",20,,,67089228.63,4528557.3,117.48,272240.69,647.57,55621.58,29770.22,8727.05,2545.83,1286.69
SYN00130,03/11/2020,"2,24,6,46,30,48",2,,,47183896.67,1036891.99,232.8,102131.96,1202.17,17176.52,23743.13,5438.31,4828.47,1822.59
SYN00131,05/11/2020,"42,49,24,35,22,21",24,,,60162294.54,645493.06,42.15,62768.92,1024.62,55772.19,5395.93,4485.38,3680.96,1094.67
SYN00132,07/11/2020,"48,31,12,37,44,45",31,,,67299236.7,1146317.96,170.41,237644.29,1828.9,28880.64,23594.34,1027.74,1080.77,1002.58
SYN00133,10/11/2020,"45,5,24,32,36,27",21,,,57553178.08,3826785.18,168.52,237956.31,1450.28,96368.53,17582.76,8588.68,4802.32,650.38
SYN00134,12/11/2020,"40,5,12,32,8,45",31,,,62450747.2,4187803.93,40.05,192436.54,694.56,55929.13,10533.6,2308.21,1359.84,1392.35
SYN00135,14/11/2020,"11,8,43,26,23,31",5,,,48859414.33,3416079.42,215.39,121761.68,1894.5,34656.93,8755.62,6135.92,1997.6,1575.27
SYN00136,17/11/2020,"7,29,3,15,6,46",31,,,40703331.92,4066107.25,159.2,226700.27,626.34,14251.87,10854.67,9804.95,910.57,1248.97
SYN00137,19/11/2020,"14,19,10,30,23,46",37,,,49177746.81,1333141.03,98.74,48576.84,1519.66,84268.04,9786.53,5643.17,2884.89,520.6
SYN00138,21/11/2020,"23,26,6,28,38,31",35,,,59830049.83,1836346.11,222.76,91633.28,612.52,69013.98,19378.52,3333.27,3567.14,1742.7
SYN00139,24/11/2020,"34,42,28,15,33,30",40,,,47357758.74,4356036.52,224.64,143315.35,757.3,34096.86,13784.61,7352.67,4359.33,510.91
SYN00140,26/11/2020,"7,20,11,28,33,26",35,,,46584328.61,2041782.67,165.68,38565.36,329.89,54220.11,6133.16,9190.9,3379.06,1690.21
SYN00141,28/11/2020,"37,34,44,47,27,9",31,,,69033026.21,2821085.0,106.78,199773.62,628.0,31736.74,8791.25,9993.1,1895.54,416.5
SYN00142,01/12/2020,"4,10,36,6,16,25",9,,,45393061.75,1546127.7,103.27,182510.93,1432.13,38909.93,26725.34,5875.88,4070.35,465.36
SYN00143,03/12/2020,"2,41,39,25,48,24",41,,,43756494.0,595490.75,26.54,109465.14,1006.52,98973.19,29403.04,5625.79,4101.01,1983.24
SYN00144,05/12/2020,"32,23,3,14,25,46",20,,,44570662.84,1385180.89,239.49,253238.65,518.81,34869.2,23879.68,8930.52,1905.98,592.0
SYN00145,08/12/2020,"37,10,34,31,18,39",36,,,55106514.52,3975976.19,206.83,122845.3,715.09,91906.43,4374.11,9854.88,4347.75,240.55
SYN00146,10/12/2020,"6,13,4,47,14,46",30,,,55878127.81,3567091.3,35.36,284964.4,1615.01,74417.12,19424.99,3291.83,1210.08,1320.53
SYN00147,12/12/2020,"32,26,35,18,5,13",27,,,59649398.54,1438800.95,298.95,189696.34,1568.49,40692.32,20240.25,9459.48,4011.56,1269.44
SYN00148,15/12/2020,"7,27,46,3,10,22",10,,,55285908.71,4160743.81,108.71,137900.36,513.09,70109.89,15712.87,1316.15,2937.03,1654.28
SYN00149,17/12/2020,"40,7,35,37,33,6",43,,,51418357.55,2004647.16,204.04,212032.73,1315.8,42640.75,20068.18,8437.63,4629.53,1770.12
SYN00150,19/12/2020,"20,19,43,30,25,27",16,,,47460727.81,2515191.7,21.67,257584.34,659.46,93093.37,17612.7,6242.98,1202.07,309.65
SYN00151,22/12/2020,"34,38,43,39,23,5",21,,,54969607.43,556412.57,111.8,41600.42,309.16,45386.45,21378.42,8837.35,2900.02,1582.98
SYN00152,24/12/2020,"2,17,41,46,48,36",36,,,44376275.45,2786229.92,188.03,232903.75,934.95,24271.73,14385.09,9907.55,4957.79,1796.1
SYN00153,26/12/2020,"32,16,37,20,29,4",32,,,53981893.11,2041511.14,119.64,68085.16,1291.69,41288.23,24232.81,1041.96,533.44,1025.33
SYN00154,29/12/2020,"31,13,40,30,37,11",19,,,53807010.56,3508432.88,231.33,75616.17,660.4,56237.46,3689.42,9446.13,3266.09,603.33
SYN00155,31/12/2020,"28,14,26,47,40,6",30,,,42415312.2,1406153.04,76.8,132919.41,1744.15,66140.85,17306.05,6828.21,1192.33,234.24
SYN00156,02/01/2021,"16,23,5,37,27,7",38,,,54294886.54,1747216.07,90.42,226428.88,1135.8,61435.87,8527.85,1730.01,2167.66,1386.23
SYN00157,05/01/2021,"22,7,13,39,48,36",43,,,43149089.06,3843075.91,275.7,237174.6,1387.66,21388.04,29194.62,7426.1,3480.66,815.82
SYN00158,07/01/2021,"16,40,47,34,18,30",37,,,61798181.71,1057978.71,135.87,53518.21,322.32,86053.37,17669.8,4840.88,962.76,1853.28
SYN00159,09/01/2021,"13,37,46,12,29,41",12,,,54310501.0,2781066.35,89.66,253642.85,1063.02,40391.51,29383.17,4972.35,2336.27,1970.07
SYN00160,12/01/2021,"41,3,32,37,14,38",40,,,68757385.58,1602099.5,238.75,194695.61,1150.4,57552.76,8819.47,7216.47,2037.25,1958.82
SYN00161,14/01/2021,"32,30,33,36,5,47",14,,,47060610.0,3799165.81,212.4,38394.9,1421.69,81794.42,6760.11,8885.89,4763.89,893.45
SYN00162,16/01/2021,"29,42,3,46,20,48",41,,,46993518.67,573010.45,162.18,289415.88,1443.87,21578.5,6829.51,3533.0,4477.75,1684.76
SYN00163,19/01/2021,"38,43,36,23,24,19",23,,,68423119.68,3883450.98,156.28,273776.33,1082.16,12295.27,28011.1,5000.39,1033.04,1972.11
SYN00164,21/01/2021,"16,37,29,12,10,5",17,,,51861633.92,2108567.77,297.55,220436.9,361.87,87505.38,4054.13,8292.52,3301.66,1336.93
SYN00165,23/01/2021,"16,22,1,41,45,49",34,,,67674450.72,3969412.1,87.98,69555.73,1980.86,88809.75,7423.52,9139.67,913.18,677.8
SYN00166,26/01/2021,"9,8,4,20,42,39",40,,,51669094.53,2819057.16,40.27,263802.78,1369.01,61974.69,14415.68,5563.76,1629.36,1213.4
SYN00167,28/01/2021,"1,47,17,21,41,12",41,,,66543765.99,684593.19,42.46,123161.51,1242.98,56913.1,6152.8,5237.43,764.1,320.66
SYN00168,30/01/2021,"39,9,14,4,7,28",41,,,54768089.56,1607860.82,125.75,279564.31,1648.82,46856.24,20315.15,5312.05,2287.39,511.39
SYN00169,02/02/2021,"31,10,17,4,28,19",19,,,49145608.82,2075749.94,231.37,80450.98,1782.73,52193.26,27189.69,9703.4,2719.13,1202.87
SYN00170,04/02/2021,"40,3,34,36,29,41",7,,,67892274.6,3315314.98,91.0,187897.61,1928.94,74365.31,15109.36,1545.43,1947.27,884.96
SYN00171,06/02/2021,"30,21,31,16,2,17",20,,,67800270.49,502964.09,180.18,88553.56,1011.13,26656.32,9882.32,4706.07,4063.77,1677.84
SYN00172,09/02/2021,"5,30,24,21,32,40",15,,,45308222.39,4077478.21,85.82,170064.73,1212.85,44911.43,7594.26,5354.84,2146.83,599.4
SYN00173,11/02/2021,"8,21,40,1,20,2",37,,,62864628.79,4067757.05,141.38,172452.93,1461.25,41442.14,20360.92,5097.78,4862.44,1491.02
SYN00174,13/02/2021,"2,26,37,22,16,34",31,,,58833079.24,4006868.93,187.64,212133.07,1845.49,42374.15,3614.75,3432.89,1036.67,912.06
SYN00175,16/02/2021,"31,11,48,32,8,49",19,,,40895808.81,2175155.64,253.02,146024.3,489.46,36957.22,8457.24,3396.5,1408.22,734.32
SYN00176,18/02/2021,"31,11,36,18,28,32",41,,,68358318.95,2282277.5,83.67,80672.26,1406.66,25602.2,21136.97,5301.37,3148.41,1368.21
SYN00177,20/02/2021,"13,1,43,21,8,27",49,,,42144581.56,1543041.83,82.07,73295.42,1143.89,26286.95,26188.62,4397.43,1214.5,903.91
SYN00178,23/02/2021,"6,26,35,20,32,30",16,,,41327772.45,1449705.35,79.07,235705.64,1785.76,99838.84,5532.47,9561.14,1076.66,965.22
SYN00179,25/02/2021,"34,40,19,30,11,25",1,,,58843122.54,3963196.15,247.14,140549.14,1634.43,57898.4,9136.22,8579.28,2413.66,239.96
SYN00180,27/02/2021,"14,24,47,34,9,49",23,,,67714169.98,2749508.15,103.09,136451.72,481.5,69281.18,26101.86,6241.88,3178.8,1075.07
SYN00181,02/03/2021,"33,28,38,36,21,41",42,,,59111869.95,1009101.52,183.5,233055.85,589.14,91886.44,25190.92,8927.2,4449.99,411.49
SYN00182,04/03/2021,"9,41,5,13,15,23",43,,,54369246.35,4973288.95,238.82,34974.38,399.05,91490.14,27260.26,4290.59,1534.54,491.03
SYN00183,06/03/2021,"26,33,2,23,6,44",40,,,57845518.62,3251465.96,162.11,229169.91,870.24,10701.5,13078.94,9053.33,3088.07,1442.84
SYN00184,09/03/2021,"47,14,24,16,5,46",24,,,45683089.39,2044530.88,243.82,95580.64,1147.89,16161.46,29682.12,4626.55,1713.37,600.77
SYN00185,11/03/2021,"13,2,34,20,27,43",45,,,50793768.76,3913759.86,101.1,161221.87,844.59,91024.49,23370.81,8565.14,1369.75,1489.58
SYN00186,13/03/2021,"9,2,49,33,11,3",31,,,46864525.41,1963815.19,104.92,240213.83,1636.38,19180.08,12943.35,4991.49,2196.13,1293.48
SYN00187,16/03/2021,"7,37,39,26,8,6",35,,,58239432.42,1761480.53,37.2,222194.86,586.06,37840.31,12476.53,7247.01,3901.24,1402.53
SYN00188,18/03/2021,"15,4,39,25,29,18",48,,,69799424.3,3185186.81,231.22,166173.31,984.89,94224.77,11234.48,2931.77,842.2,316.93
SYN00189,20/03/2021,"29,35,43,32,8,33",7,,,46928614.56,1433240.27,29.56,289611.45,1662.9,56807.97,8953.08,6009.39,763.06,804.2
SYN00190,23/03/2021,"36,44,19,45,21,15",5,,,41827957.33,4693507.55,77.89,209359.98,1711.83,75405.74,9963.33,7515.32,4258.52,1812.81
SYN00191,25/03/2021,"30,39,46,48,23,3",30,,,45628927.34,4869858.89,49.65,246183.01,1478.35,15055.37,9341.15,6983.13,500.76,505.79
SYN00192,27/03/2021,"40,46,13,1,18,20",33,,,68881477.92,2589932.26,227.05,209620.58,1682.65,82931.33,19790.71,9940.55,822.29,1958.36
SYN00193,30/03/2021,"12,32,3,36,44,19",46,,,66916288.72,4501642.67,234.54,47641.78,1983.82,12204.39,12593.36,5453.47,764.94,1112.19
SYN00194,01/04/2021,"33,6,9,32,26,19",21,,,41966487.93,3620811.33,124.13,54750.22,647.77,61076.89,5572.1,6382.97,1332.63,1459.47
SYN00195,03/04/2021,"21,33,4,41,40,3",19,,,67426077.6,1785239.46,225.32,192922.66,1465.32,90012.02,17283.71,4105.82,1581.39,1617.83
SYN00196,06/04/2021,"26,12,38,9,29,44",36,,,50800337.24,1319423.56,252.52,76896.83,426.06,41389.8,29740.72,9921.45,2515.07,1041.13
SYN00197,08/04/2021,"30,22,3,38,2,40",34,,,68712500.0,2678010.78,133.9,97471.76,821.55,17057.52,24994.46,5932.4,2699.64,1225.59
SYN00198,10/04/2021,"41,9,42,21,36,49",42,,,49999628.04,1128746.81,53.02,61832.12,1384.91,68234.47,13477.28,7502.97,2133.19,1174.09
SYN00199,13/04/2021,"45,30,43,17,42,3",5,,,41020775.97,3809949.32,222.5,291873.95,665.39,33599.53,27807.29,8481.11,1344.57,1422.2
SYN00200,15/04/2021,"4,8,45,48,47,44",17,,,54714996.49,4738472.87,163.29,254264.85,1940.66,52160.26,28077.84,7802.37,2202.78,1924.5
SYN00201,17/04/2021,"7,44,36,21,3,31",32,,,48205453.81,4233648.55,86.52,112668.1,1884.55,60883.11,18606.07,4202.0,4422.81,258.09
SYN00202,20/04/2021,"37,28,27,49,6,34",8,,,49482326.54,2381118.72,230.16,221034.68,974.9,77787.68,15414.92,8673.7,817.88,695.26
SYN00203,22/04/2021,"49,40,28,33,16,3",7,,,45241729.59,2777161.24,99.26,248831.61,809.12,23158.45,19984.98,2621.4,2094.09,997.42
SYN00204,24/04/2021,"46,10,47,39,26,13",40,,,62131719.64,1468355.19,212.1,85224.22,1643.73,49786.14,15064.27,8375.12,3372.29,1748.95
SYN00205,27/04/2021,"25,24,20,12,3,23",3,,,49699493.14,1375889.25,113.34,202893.6,1723.37,78502.25,7475.19,6321.66,692.31,1735.23
SYN00206,29/04/2021,"28,45,49,12,21,5",31,,,52404135.71,4055351.26,101.45,60872.94,1075.02,75039.57,8089.32,8155.31,4830.76,1720.35
SYN00207,01/05/2021,"38,28,19,39,5,33",4,,,62657232.05,3295162.45,280.71,117572.79,426.66,65695.09,23878.43,1500.56,2350.93,510.73
SYN00208,04/05/2021,"48,19,24,5,35,13",10,,,52711379.79,3903853.27,281.55,53254.86,1756.86,64360.67,17964.9,4075.6,4105.15,1396.66
SYN00209,06/05/2021,"28,2,22,42,15,31",44,,,59109989.45,2910400.86,147.03,199754.04,1446.29,46169.6,14801.2,2848.24,1996.19,1728.98
SYN00210,08/05/2021,"2,10,35,46,17,14",3,,,53826913.66,3659068.3,299.88,87949.87,734.46,73570.53,25756.61,2349.48,1928.39,1025.33
SYN00211,11/05/2021,"4,43,29,48,14,17",30,,,61983890.96,1448663.5,249.34,261455.08,1877.33,17163.44,22941.5,9091.97,1917.7,1811.25
SYN00212,13/05/2021,"40,45,34,39,11,1",35,,,48036433.51,4781127.05,285.1,76298.84,1164.73,26045.5,17878.7,7590.06,3895.6,425.87
SYN00213,15/05/2021,"47,3,28,40,48,44",8,,,51427576.7,3245288.72,188.03,221113.74,1580.48,35412.08,21602.05,9148.13,2193.06,1139.66
SYN00214,18/05/2021,"22,27,46,44,17,5",33,,,45186588.62,4942953.87,62.81,45932.9,1214.36,46466.09,11342.33,9259.91,1773.86,1641.28
SYN00215,20/05/2021,"7,6,15,32,23,34",31,,,42263884.66,963606.48,196.4,73439.82,1193.67,42582.68,20182.3,7241.33,574.32,1779.47
SYN00216,22/05/2021,"48,17,19,14,12,47",38,,,51586955.81,657973.9,63.24,89249.94,340.57,70441.54,20327.27,6925.63,2126.95,811.09
SYN00217,25/05/2021,"44,19,34,3,12,7",41,,,40868305.73,3099700.87,69.86,126387.15,1781.89,45130.8,6288.32,4437.86,3942.39,475.61
SYN00218,27/05/2021,"47,15,16,2,32,31",24,,,61005708.32,2364153.32,242.26,284954.36,249.92,81415.31,16249.17,3674.73,2292.43,453.94
SYN00219,29/05/2021,"36,49,12,7,10,2",15,,,44236859.89,1288597.71,76.47,118394.6,1874.98,45822.21,20199.35,4624.12,4772.76,1593.41
SYN00220,01/06/2021,"46,29,39,42,35,15",49,,,63663558.57,939673.58,45.97,73350.46,448.41,22770.49,28871.36,6503.45,3405.09,485.5
SYN00221,03/06/2021,"43,30,42,4,13,3",2,,,55542724.85,2233833.1,158.47,61173.1,552.34,50872.84,16386.08,3645.31,2806.54,561.69
SYN00222,05/06/2021,"43,17,32,27,2,25",20,,,43474411.24,3725316.35,218.24,72495.75,1107.61,96762.02,8730.26,4242.65,3312.32,1971.72
SYN00223,08/06/2021,"4,46,33,7,42,23",37,,,60077601.47,3409243.94,167.54,199098.29,1609.84,65157.18,4433.33,5713.2,833.33,1576.53
SYN00224,10/06/2021,"45,48,1,22,38,28",46,,,63951490.79,1022950.62,189.47,130466.5,1721.22,68637.9,12188.76,9462.89,3809.55,960.18
SYN00225,12/06/2021,"9,38,21,5,13,45",10,,,47053486.27,521936.39,293.27,258795.07,1969.27,41743.85,18994.31,8691.75,1504.82,1570.64
SYN00226,15/06/2021,"1,5,45,12,2,37",44,,,51893666.49,3060190.32,61.55,79894.15,920.55,47470.31,5705.32,8929.03,2330.5,459.82
SYN00227,17/06/2021,"48,30,38,20,41,21",33,,,55379990.73,3177124.06,82.96,116933.22,1154.03,30476.59,10824.88,3348.75,3129.74,328.18
SYN00228,19/06/2021,"38,6,23,14,30,10",20,,,66037584.54,2931283.36,30.97,101317.09,308.08,54606.35,29270.56,9630.69,698.22,1293.31
SYN00229,22/06/2021,"39,7,33,4,21,1",44,,,44614979.9,3588150.17,114.39,295253.06,429.74,44220.52,8102.62,4469.42,1812.71,1087.96
SYN00230,24/06/2021,"7,8,14,46,11,40",1,,,45492008.3,644076.88,192.39,209472.59,298.85,57246.08,18840.64,9972.37,4154.66,1638.26
SYN00231,26/06/2021,"46,8,37,40,20,23",23,,,41433058.37,2074888.07,48.11,63293.9,1587.59,35519.21,4514.0,4620.95,4722.72,334.22
SYN00232,29/06/2021,"48,16,37,30,9,6",3,,,45335427.26,880453.52,184.9,194989.42,261.43,94512.76,13524.2,9042.29,3420.85,768.3
SYN00233,01/07/2021,"31,28,47,38,42,16",38,,,45666593.23,1593004.81,106.24,162222.76,1901.49,76557.67,11805.1,7706.55,4656.58,1989.28
SYN00234,03/07/2021,"18,26,43,47,33,28",28,,,46765318.61,4970078.46,88.88,119908.49,300.61,68166.71,22724.99,6206.61,4760.8,843.82
SYN00235,06/07/2021,"45,4,12,25,11,22",26,,,67465007.25,999576.24,86.58,112847.41,954.65,53106.19,6830.58,4757.71,2638.33,999.07
SYN00236,08/07/2021,"34,6,14,39,27,28",27,,,61236761.93,1214838.23,261.25,100121.55,1091.61,94734.32,15735.14,3927.76,3917.79,1915.81
SYN00237,10/07/2021,"28,37,48,39,25,43",4,,,55638009.83,4658076.1,41.48,181777.66,1495.12,23882.68,10037.14,3883.46,2741.46,1123.46
SYN00238,13/07/2021,"28,20,10,27,23,22",31,,,51934728.31,2527995.93,151.65,299888.36,1851.83,48261.24,3291.42,4543.08,4175.33,1104.91
SYN00239,15/07/2021,"25,20,4,36,42,28",43,,,64227018.92,808365.04,28.42,153703.98,1043.59,41902.19,3175.9,6663.21,4228.67,1308.14
SYN00240,17/07/2021,"31,38,35,7,42,2",27,,,60405356.99,2534213.25,48.61,46338.88,844.42,37006.03,25971.78,4182.66,1825.6,1270.67
SYN00241,20/07/2021,"26,41,23,33,1,2",45,,,44514539.5,3304229.09,251.84,93111.72,1607.9,18658.14,19763.81,6151.15,3836.47,347.66
SYN00242,22/07/2021,"28,23,20,42,17,10",41,,,65191443.22,2282493.46,200.6,36697.89,1789.78,72921.25,26231.56,1342.68,2072.57,1949.62
SYN00243,24/07/2021,"8,43,41,5,21,19",12,,,58806069.45,4786467.24,71.6,264429.4,1143.67,96035.7,10765.82,3815.99,2809.87,383.23
SYN00244,27/07/2021,"28,23,46,26,1,18",1,,,64208638.1,2553974.7,86.45,76004.76,1651.76,50120.49,27262.11,1380.99,1072.95,1621.82
SYN00245,29/07/2021,"2,1,15,43,8,40",28,,,67724472.95,732331.72,61.08,164283.72,766.32,45159.33,29921.49,2537.45,4755.5,1405.69
SYN00246,31/07/2021,"30,14,16,7,41,23",43,,,49718442.31,3628357.76,110.96,35816.44,1832.04,80465.26,13770.47,3103.96,2198.39,1608.15
SYN00247,03/08/2021,"44,19,21,1,5,23",27,,,59617571.84,3452871.74,46.11,240298.99,1090.65,45314.11,23671.98,1397.16,3655.96,1591.81
SYN00248,05/08/2021,"18,45,44,41,37,32",47,,,68359501.47,4519051.2,175.74,161099.08,1978.07,52050.15,10841.22,2775.57,2191.54,417.54
SYN00249,07/08/2021,"35,22,49,15,34,31",29,,,59404539.8,2650450.76,106.17,223794.58,588.79,36641.07,11766.55,5592.78,4087.6,1870.34
SYN00250,10/08/2021,"25,18,3,1,41,10",22,,,50698952.74,1492456.15,265.35,151311.95,1526.18,96972.17,27585.78,8669.02,1343.47,777.81
SYN00251,12/08/2021,"8,1,45,16,47,32",34,,,55392332.51,939937.9,59.9,248123.08,1080.7,55501.84,13024.92,8342.83,2680.92,763.89
SYN00252,14/08/2021,"34,41,6,23,35,30",15,,,40079865.89,2499773.83,85.56,56079.19,1598.17,22489.37,22201.11,9714.09,2923.75,876.97
SYN00253,17/08/2021,"17,21,43,32,40,33",28,,,51027708.72,4064638.05,44.47,196941.17,1922.7,49954.17,17816.36,6975.1,3759.35,710.96
SYN00254,19/08/2021,"19,29,25,4,11,28",37,,,40473959.01,1471584.91,285.94,45302.72,323.51,75416.45,10721.03,9411.88,3478.66,739.27
SYN00255,21/08/2021,"42,48,36,18,7,22",31,,,40323001.47,4077407.95,267.85,263958.23,1163.45,75504.71,19584.55,4659.03,1601.35,979.01
SYN00256,24/08/2021,"11,17,10,44,26,38",1,,,56272168.07,997201.94,184.91,70294.8,1486.44,36207.68,25224.07,6523.27,3549.34,539.64
SYN00257,26/08/2021,"38,9,19,22,6,46",44,,,44918400.29,1703333.22,41.55,80862.87,989.26,46657.09,20570.84,9639.33,3597.26,1800.59
SYN00258,28/08/2021,"35,38,14,26,17,36",18,,,49255044.93,721888.03,282.46,88908.29,1520.01,79551.41,6849.56,3561.68,2168.11,826.96
SYN00259,31/08/2021,"32,20,17,44,2,10",12,,,64188346.55,1545560.62,122.58,148090.12,971.89,74364.5,17318.19,9962.14,1333.14,747.84
SYN00260,02/09/2021,"7,10,26,31,23,14",48,,,56828980.0,3800596.6,132.61,184156.59,599.67,87129.28,26993.09,6752.33,1481.81,637.13
SYN00261,04/09/2021,"40,18,38,27,43,49",42,,,62936796.53,2875755.35,285.37,41596.39,1914.06,92057.28,9004.69,2409.64,4722.24,1951.35
SYN00262,07/09/2021,"29,7,46,36,22,8",15,,,46517845.11,2302497.2,234.05,119779.68,1480.11,48874.03,20511.36,3607.46,2474.43,1148.78
SYN00263,09/09/2021,"42,28,15,48,37,24",36,,,43740579.65,3530846.89,41.72,121702.1,726.58,52223.31,27614.4,7653.73,1026.17,1307.24
SYN00264,11/09/2021,"47,42,34,49,35,7",25,,,54919988.69,3617076.5,110.06,55693.54,1415.67,45337.92,29857.19,1868.03,3009.21,703.97
SYN00265,14/09/2021,"21,44,34,45,30,35",45,,,49193434.51,3029462.3,213.54,195615.58,734.22,72403.22,26149.18,8612.04,2910.1,383.58
SYN00266,16/09/2021,"36,49,16,45,23,27",3,,,43046737.32,1595660.55,145.87,81141.8,1314.24,40554.21,24086.24,2243.5,2097.93,1441.45
SYN00267,18/09/2021,"42,47,7,16,2,21",49,,,64917493.81,3374481.09,21.89,181443.09,1703.37,64153.27,6474.09,4403.07,717.06,1169.45
SYN00268,21/09/2021,"38,3,1,8,5,48",47,,,59371051.19,1184127.08,99.15,192953.09,200.57,44786.99,19922.83,3116.44,3384.46,1825.45
SYN00269,23/09/2021,"2,16,30,4,28,8",46,,,47327859.08,3206369.1,237.98,299620.12,581.71,56853.59,13604.83,6538.06,789.94,621.41
SYN00270,25/09/2021,"4,22,3,49,15,48",7,,,56415390.77,2110688.81,258.55,210969.94,807.78,24044.1,16181.68,3383.85,2484.79,847.97
SYN00271,28/09/2021,"5,29,24,45,10,22",48,,,44687741.86,3609800.07,232.14,122700.13,853.2,92670.33,5593.53,9440.66,560.31,1211.89
SYN00272,30/09/2021,"27,9,8,3,4,31",36,,,56336614.21,933073.44,96.26,182846.87,1664.8,26574.44,13835.7,9826.42,4373.77,565.76
SYN00273,02/10/2021,"36,16,46,27,22,47",26,,,53464380.64,4123810.94,203.16,271828.35,602.87,24319.8,3655.84,6054.37,2219.87,994.39
SYN00274,05/10/2021,"41,10,20,45,37,33",16,,,44777353.82,2527461.5,229.18,159587.9,1406.02,29616.54,4909.3,4897.3,1494.85,818.44
SYN00275,07/10/2021,"46,47,41,25,45,8",31,,,41766368.37,3020609.52,282.93,62921.87,1884.19,98288.23,8060.46,9417.87,4315.25,556.02
SYN00276,09/10/2021,"25,20,22,33,45,17",45,,,69194281.6,2226157.48,289.32,90880.38,1254.31,83780.75,23006.65,7861.18,3398.81,1835.95
SYN00277,12/10/2021,"46,11,20,31,43,35",6,,,61948325.56,1447352.66,74.56,44621.52,867.62,26497.5,27265.22,2835.83,2716.8,1231.97
SYN00278,14/10/2021,"27,47,44,43,42,23",32,,,43157705.27,3459253.71,82.85,158949.24,1740.35,92119.67,4969.8,6979.38,3614.08,1194.81
SYN00279,16/10/2021,"44,42,46,30,43,9",17,,,42517718.82,1623864.75,221.56,178715.42,441.97,25987.53,7219.14,1326.43,3749.02,434.91
SYN00280,19/10/2021,"25,12,46,30,41,16",15,,,58425518.34,4170434.99,56.42,97686.98,949.37,29369.94,12005.68,9961.54,809.2,1325.39
SYN00281,21/10/2021,"11,23,4,34,2,8",16,,,59449151.86,2587741.91,280.94,245525.88,673.8,94284.45,17682.56,6983.34,3915.11,1185.9
SYN00282,23/10/2021,"1,10,38,13,17,12",8,,,42591743.31,572059.3,291.24,186154.69,1700.74,87615.94,20851.91,4080.69,4307.79,1485.87
SYN00283,26/10/2021,"47,45,40,1,11,21",18,,,44583636.11,3372573.84,62.13,46792.19,248.34,31426.28,21536.31,2051.58,2847.3,1727.75
SYN00284,28/10/2021,"31,29,37,16,4,15",28,,,44714158.85,2775008.17,237.95,186299.53,1568.23,19629.55,17713.85,3741.69,1159.92,330.74
SYN00285,30/10/2021,"16,47,26,14,33,24",45,,,45101564.96,2400781.7,251.16,87991.93,1897.08,77211.45,19015.81,2804.65,3650.33,1570.66
SYN00286,02/11/2021,"14,17,28,1,22,11",28,,,56750838.97,4928496.68,79.88,72844.56,1514.76,84386.7,3951.59,1025.2,741.73,791.17
SYN00287,04/11/2021,"3,29,33,6,45,37",49,,,65832109.22,3421306.1,223.07,40126.36,345.68,27919.54,27345.89,4514.68,820.59,1033.05
SYN00288,06/11/2021,"27,43,16,17,33,38",3,,,49767611.55,4831145.6,173.05,105716.88,200.33,51597.55,17968.69,5532.37,4101.78,1785.99
SYN00289,09/11/2021,"7,42,46,40,13,34",41,,,52239086.97,1657384.51,266.8,196990.43,396.32,66811.18,23683.18,8185.37,1794.54,647.11
SYN00290,11/11/2021,"9,30,24,5,42,17",4,,,43353475.61,625829.5,39.77,264568.31,729.71,34309.95,22987.24,1772.15,2961.1,268.15
SYN00291,13/11/2021,"41,15,17,9,25,10",14,,,54978973.35,1820622.47,258.4,129978.76,1527.17,28676.33,18773.25,4251.98,693.24,1078.14
SYN00292,16/11/2021,"11,3,39,9,48,2",31,,,52733869.22,4313896.03,65.89,211144.94,1342.78,88987.91,7165.79,8930.22,3811.33,1879.23
SYN00293,18/11/2021,"14,17,13,46,22,37",11,,,55670556.74,4941016.06,55.19,288404.92,1090.15,47040.82,10439.43,7868.4,2154.9,1392.59
SYN00294,20/11/2021,"34,18,8,3,24,12",35,,,69065758.54,3499217.49,180.08,269143.85,1048.76,90775.77,24980.96,6365.77,636.59,1218.62
SYN00295,23/11/2021,"24,40,27,34,46,15",29,,,61094223.45,4911977.72,247.45,41307.66,1648.9,81093.68,29610.77,6612.61,813.27,1497.65
SYN00296,25/11/2021,"4,17,14,11,37,23",13,,,42567120.07,3814490.14,45.27,73191.16,871.06,98095.32,16184.88,4455.05,1939.19,1294.36
SYN00297,27/11/2021,"26,46,44,8,5,41",12,,,45958304.65,1830883.75,234.83,178423.11,1746.82,16854.62,25996.36,4548.48,3487.48,699.57
SYN00298,30/11/2021,"47,46,15,11,25,30",6,,,58274395.93,1836177.06,43.7,175895.76,1039.7,86802.42,28211.71,4812.28,3351.43,387.37
SYN00299,02/12/2021,"43,16,17,42,45,33",4,,,49892311.09,1955764.81,280.38,55572.31,1614.55,36778.43,7503.09,1386.79,2146.47,1750.5
SYN00300,04/12/2021,"49,18,6,31,1,11",40,,,49078681.44,4493870.01,170.54,182592.92,1813.83,80330.35,18775.3,1002.03,1385.28,387.98
SYN00301,07/12/2021,"47,27,21,12,5,45",21,,,52615873.52,2082088.15,292.01,108441.57,1605.78,47818.86,21925.9,1919.23,4204.92,440.18
SYN00302,09/12/2021,"45,4,31,43,34,46",22,,,62847584.26,3990898.3,62.29,227357.4,1244.84,90969.16,29348.71,3009.31,4738.68,1326.36
SYN00303,11/12/2021,"29,45,21,9,37,40",6,,,45979090.31,4455307.47,241.04,176023.28,1626.68,81301.73,26445.3,9740.19,3608.11,696.04
SYN00304,14/12/2021,"7,31,8,15,29,16",14,,,53726046.15,3731926.47,142.67,276781.76,1373.08,25443.21,17607.07,4776.35,4686.91,990.85
SYN00305,16/12/2021,"26,10,4,6,7,29",27,,,49813230.18,1858050.08,299.57,129499.34,574.8,50256.77,25897.19,5462.2,1645.59,921.53
SYN00306,18/12/2021,"5,15,3,2,48,7",47,,,53268702.96,4974177.74,287.0,228498.95,447.93,42254.07,18771.03,4483.01,4751.27,1118.13
SYN00307,21/12/2021,"8,42,15,36,17,34",42,,,64917194.16,4390108.82,193.76,98239.4,1559.36,16095.81,28138.39,7577.35,2115.08,1501.01
SYN00308,23/12/2021,"34,31,24,43,29,19",20,,,65831022.07,4489051.24,78.79,188718.06,1413.81,20771.32,8396.25,3887.89,4347.03,1733.5
SYN00309,25/12/2021,"43,35,37,9,20,32",42,,,48835643.43,3595147.57,207.54,262297.95,1327.35,49809.78,23961.83,7859.45,1377.39,944.73
SYN00310,28/12/2021,"14,17,1,27,4,32",14,,,41841974.41,3637590.01,126.78,41533.24,1563.59,45818.59,6807.7,5309.74,1465.1,990.9
SYN00311,30/12/2021,"17,49,43,30,21,44",7,,,63788051.79,2093526.26,119.11,286224.12,1610.98,86912.35,6398.21,9538.72,4129.57,1299.99
SYN00312,01/01/2022,"1,7,38,3,9,18",25,,,44743545.64,899506.89,297.71,118129.11,825.82,45317.87,9868.27,3650.6,2412.0,723.22
SYN00313,04/01/2022,"37,39,44,5,16,32",17,,,68164467.85,3808760.06,62.16,50237.47,1285.05,19670.37,10398.99,1397.52,4028.82,998.36
SYN00314,06/01/2022,"22,3,11,45,8,9",39,,,60982072.49,1183011.64,193.8,156285.02,905.54,92308.81,23524.81,9574.39,1266.63,1564.4
SYN00315,08/01/2022,"37,33,13,8,7,20",1,,,47920952.36,976004.9,178.1,118186.73,1005.02,55464.52,14733.33,4199.53,3674.37,1029.16
SYN00316,11/01/2022,"5,48,42,45,16,15",41,,,58856195.0,2591888.3,140.65,85044.57,1129.71,98575.51,17969.36,4285.2,4966.07,813.84
SYN00317,13/01/2022,"34,25,43,1,39,9",13,,,42472389.82,3807630.17,287.82,59331.47,969.74,20900.41,19744.98,8264.08,4568.15,1908.74
SYN00318,15/01/2022,"18,27,37,15,11,26",42,,,51034655.15,4803858.21,105.52,239521.49,1897.48,51968.94,18449.84,2809.56,2688.71,1546.34
SYN00319,18/01/2022,"35,38,46,29,33,14",23,,,57958279.56,3035624.55,62.16,111601.8,903.79,41211.47,8768.58,7178.09,3733.32,562.58
SYN00320,20/01/2022,"22,49,28,17,35,8",17,,,44769855.29,911042.56,200.8,82630.88,1369.05,31287.6,12244.21,1390.1,894.5,1598.03
SYN00321,22/01/2022,"38,5,49,43,24,27",14,,,65827578.28,3048689.35,25.37,170406.95,672.03,67969.25,27157.21,7397.2,4345.28,282.26
SYN00322,25/01/2022,"23,6,4,31,8,37",28,,,54636750.6,1038432.93,256.15,151312.55,945.82,28966.27,22222.48,5375.92,887.48,958.41
SYN00323,27/01/2022,"34,19,32,26,8,2",8,,,50301355.51,1201884.77,219.9,215198.99,1330.78,13745.15,18999.2,4474.13,1084.11,1786.43
SYN00324,29/01/2022,"43,3,13,48,23,37",15,,,67564847.81,2012145.05,134.6,33007.22,555.21,61637.35,20161.14,5872.84,863.87,452.46
SYN00325,01/02/2022,"21,10,44,7,22,40",41,,,40185817.82,4869902.88,39.22,244826.3,314.46,97704.76,23348.57,8212.14,4241.25,666.87
SYN00326,03/02/2022,"31,42,4,37,35,22",33,,,41681216.38,3342234.82,267.16,154501.99,1724.87,66086.37,18661.43,9422.47,3797.01,1116.19
SYN00327,05/02/2022,"23,34,40,25,14,43",47,,,49804902.87,1565590.02,82.0,291502.54,788.09,29554.16,6810.11,9884.39,1990.69,1336.53
SYN00328,08/02/2022,"28,6,2,30,34,47",8,,,57300042.51,1629097.96,114.91,158362.17,1270.21,75505.19,17196.94,4894.82,1880.55,1053.12
SYN00329,10/02/2022,"21,34,1,15,35,37",49,,,44348732.18,3377791.05,217.21,81146.07,875.65,21623.83,8947.51,5220.27,1482.32,240.87
SYN00330,12/02/2022,"46,10,21,32,38,42",23,,,63800492.37,4810933.04,207.06,137465.73,930.91,56409.09,18877.48,2340.55,4486.37,766.52
SYN00331,15/02/2022,"8,23,43,13,37,48",47,,,63557975.22,2535391.14,181.2,73611.18,927.71,69019.0,18674.28,2619.19,3230.11,834.59
SYN00332,17/02/2022,"20,28,41,14,4,33",30,,,58972197.19,1195656.79,205.13,289139.71,270.84,39045.05,14783.21,9731.39,1361.71,568.83
SYN00333,19/02/2022,"31,36,23,13,43,27",27,,,66286763.72,1398962.5,173.51,130504.0,1680.25,85279.91,11268.55,6463.77,1399.76,708.14
SYN00334,22/02/2022,"26,22,25,13,42,46",14,,,51136736.11,3158254.44,84.44,188987.81,578.81,85262.9,14493.93,9705.3,913.46,1959.07
SYN00335,24/02/2022,"33,34,37,42,47,49",25,,,41495096.77,1584098.77,79.84,78830.37,847.7,24846.31,15831.63,3618.39,1483.78,1316.23
SYN00336,26/02/2022,"2,14,19,42,25,4",3,,,61673223.76,1162901.45,155.31,91217.34,1512.49,34891.53,9668.36,7725.69,1478.77,629.41
SYN00337,01/03/2022,"11,20,9,18,39,26",5,,,42128162.59,1955335.22,144.67,79707.13,888.23,98842.63,27282.37,4395.04,1031.69,255.27
SYN00338,03/03/2022,"29,48,44,8,6,2",42,,,52462082.63,4466871.63,258.49,220425.7,1944.39,20822.19,17523.02,4996.0,3735.43,418.49
SYN00339,05/03/2022,"36,45,8,3,9,38",1,,,43322227.72,1888519.81,279.93,252839.78,1058.09,40905.71,21975.82,4893.77,4729.98,1702.48
SYN00340,08/03/2022,"28,27,7,43,14,49",28,,,52706270.22,1453650.99,124.36,281784.67,1171.04,44028.65,25090.81,5578.31,4008.06,1015.4
SYN00341,10/03/2022,"29,32,38,49,27,10",24,,,43158429.45,2443514.42,84.99,48401.62,1373.11,98119.56,11960.03,7320.75,2702.96,1966.96
SYN00342,12/03/2022,"9,41,23,48,39,8",47,,,55115883.85,4797012.97,215.85,47365.23,1527.75,80901.71,18878.68,8675.25,3322.64,698.31
SYN00343,15/03/2022,"26,42,44,28,15,13",9,,,60949412.6,2488745.78,212.02,293258.73,986.34,22456.93,6094.7,1592.09,1430.86,1716.72
SYN00344,17/03/2022,"1,26,29,8,49,30",7,,,64899673.28,1870198.89,253.69,123923.24,1912.48,88514.04,16243.07,9456.06,2969.09,1897.99
SYN00345,19/03/2022,"31,10,21,44,35,27",32,,,56113579.59,886637.53,93.06,60176.04,1753.8,61720.55,13913.04,9741.96,4445.66,1629.68
SYN00346,22/03/2022,"18,26,8,33,38,6",1,,,55427438.73,3404822.78,161.14,189624.31,1231.62,63375.7,8571.75,4251.86,782.35,479.35
SYN00347,24/03/2022,"20,2,41,14,26,36",31,,,57624567.75,2729745.77,96.19,48445.73,1118.6,83263.29,5854.55,1600.31,2904.34,470.55
SYN00348,26/03/2022,"1,40,17,3,2,44",29,,,63243600.48,1848931.91,167.99,146312.46,1884.57,28139.29,5160.67,8131.82,3154.5,257.8
SYN00349,29/03/2022,"17,23,24,19,46,39",41,,,67269394.56,3558333.79,153.66,201675.47,909.66,26578.09,26022.09,2638.07,4635.2,1380.48
SYN00350,31/03/2022,"46,4,20,38,10,1",30,,,42947610.05,4781087.09,139.54,160388.6,1111.55,42256.75,16800.14,8725.37,911.24,1068.43
SYN00351,02/04/2022,"36,44,35,29,8,14",12,,,48952589.67,3881779.16,291.58,199268.66,853.74,68497.86,3462.01,6850.47,1510.75,961.08
SYN00352,05/04/2022,"28,31,4,36,19,25",25,,,53967266.43,2437552.98,267.64,259443.51,752.14,18716.02,21517.44,9072.66,2157.95,794.49
SYN00353,07/04/2022,"46,31,30,9,7,4",24,,,48336284.22,1077528.56,86.25,145117.06,1740.3,32848.69,4450.25,8148.47,2392.11,600.76
SYN00354,09/04/2022,"12,45,26,40,23,8",1,,,43464479.12,4145297.68,89.14,164776.65,1698.14,53116.05,9987.91,8278.31,4803.11,635.66
SYN00355,12/04/2022,"31,30,33,21,26,29",36,,,66098819.27,1729807.9,288.79,46144.83,1154.11,56181.43,23000.24,9420.4,509.62,1485.9
SYN00356,14/04/2022,"13,25,48,8,36,10",22,,,42234868.76,4599153.22,200.96,158621.27,598.37,42430.49,12831.69,5206.24,4082.09,844.96
SYN00357,16/04/2022,"37,28,35,45,33,16",26,,,68836051.01,4248734.46,90.9,63655.84,536.77,10529.58,9565.0,8699.11,1235.08,1725.82
SYN00358,19/04/2022,"47,29,14,17,3,9",3,,,56148535.5,4263792.78,230.33,147542.97,524.82,81715.34,14072.39,5972.49,505.65,1274.85
SYN00359,21/04/2022,"18,11,19,45,13,40",49,,,52019079.68,3209705.48,172.43,282729.44,1855.93,67696.17,15829.34,1673.16,4135.45,1853.3
SYN00360,23/04/2022,"39,8,27,32,4,40",1,,,64883638.49,1096362.01,103.71,279955.33,879.69,80984.86,28500.96,5562.94,3766.01,286.42
SYN00361,26/04/2022,"42,30,37,26,21,44",21,,,63882378.84,888254.92,64.19,60078.09,1891.2,59220.89,4556.58,9896.55,1731.0,1267.42
SYN00362,28/04/2022,"8,14,37,42,46,16",21,,,64658596.19,1023589.87,67.42,115035.28,1724.27,24855.61,5213.82,8751.33,3901.02,1968.93
SYN00363,30/04/2022,"27,9,17,43,14,47",16,,,48335294.71,2847454.06,264.63,62758.59,1483.08,63815.22,7080.52,6795.6,3715.23,1902.25
SYN00364,03/05/2022,"13,36,10,1,24,22",12,,,45581053.89,3418855.81,183.26,228346.81,538.15,78773.64,6741.47,9801.94,2060.25,1153.95
SYN00365,05/05/2022,"19,29,10,28,4,23",29,,,50900586.13,1660018.58,196.02,89036.96,280.93,77924.78,9257.29,2616.01,2930.96,717.38
SYN00366,07/05/2022,"37,49,27,4,20,12",42,,,55692876.88,3494107.26,205.82,113878.94,1278.8,60273.11,11403.56,4247.07,566.5,645.16
SYN00367,10/05/2022,"7,18,24,10,30,11",46,,,46904910.72,2221391.46,162.81,80131.48,1214.03,19489.54,15941.72,4706.1,1240.76,891.06
SYN00368,12/05/2022,"6,27,3,13,38,37",28,,,51849088.03,1646530.11,143.62,282997.7,1362.12,88498.12,25140.03,3847.0,1604.2,819.92
SYN00369,14/05/2022,"28,29,36,38,41,43",32,,,46104603.55,1290166.77,74.77,168930.78,1734.88,69017.35,4095.99,6176.38,3595.42,1162.82
SYN00370,17/05/2022,"29,42,49,20,10,36",34,,,59578381.81,538138.75,93.99,250363.94,795.93,32483.22,12120.12,2843.0,3606.28,1913.73
SYN00371,19/05/2022,"25,7,5,4,12,20",44,,,67082341.05,2196352.85,159.98,146110.99,1968.55,58740.89,11077.44,2433.04,4773.55,957.35
SYN00372,21/05/2022,"45,19,1,9,47,46",1,,,62195927.74,3054217.46,145.1,295819.37,1348.89,60091.15,29465.34,8545.23,3186.6,432.98
SYN00373,24/05/2022,"10,36,13,2,38,34",40,,,48693230.74,4059695.03,43.11,114500.91,507.07,32169.66,21095.08,1148.69,3008.46,1779.37
SYN00374,26/05/2022,"8,3,17,13,49,42",15,,,57590310.42,3415175.45,36.76,256452.63,1018.24,78174.96,17661.09,4749.37,3919.63,567.05
SYN00375,28/05/2022,"33,30,5,43,2,4",22,,,49351812.58,676355.78,54.78,221157.14,1691.2,80414.39,14762.27,2406.9,1357.94,1033.43
SYN00376,31/05/2022,"33,28,48,30,31,2",4,,,48892826.46,901338.42,295.25,67251.83,1418.91,78304.39,26334.71,7377.96,1476.75,689.47
SYN00377,02/06/2022,"45,23,7,9,27,26",10,,,53272059.34,2277769.4,168.52,208116.87,1126.53,87182.03,17450.93,5752.25,4535.66,831.92
SYN00378,04/06/2022,"19,5,30,17,27,38",41,,,40213187.59,4831950.85,84.52,205677.72,1926.27,47761.6,20854.85,6036.56,3459.59,729.82
SYN00379,07/06/2022,"31,15,36,42,14,49",2,,,47122144.0,4473020.64,189.82,43025.27,562.83,61136.58,29291.0,3611.96,2646.59,1952.81
SYN00380,09/06/2022,"27,16,3,32,30,31",26,,,62405869.98,2661199.22,129.97,210231.07,1823.99,74958.79,7589.76,4245.05,4433.35,1807.99
SYN00381,11/06/2022,"23,27,4,26,16,38",2,,,46132501.12,3798773.43,211.59,134226.47,485.1,70802.13,13803.54,2624.7,2118.7,878.34
SYN00382,14/06/2022,"13,32,5,11,36,3",27,,,47852091.32,883357.53,80.52,221952.03,627.07,54896.54,13359.95,7979.96,4846.98,1201.81
SYN00383,16/06/2022,"44,16,45,11,36,25",46,,,40708362.81,1331731.88,234.41,195900.99,1658.88,50735.04,27020.4,4060.29,1064.92,667.92
SYN00384,18/06/2022,"18,46,14,48,9,49",30,,,40775211.47,4977279.18,121.02,231844.04,217.32,64407.27,9265.65,9269.39,3943.63,920.92
SYN00385,21/06/2022,"36,19,38,4,11,17",3,,,43752497.36,1309580.02,150.86,101614.58,865.74,48043.89,26398.01,7688.44,1173.06,1662.3
SYN00386,23/06/2022,"7,3,26,12,18,15",8,,,51998684.38,1496086.78,209.31,180068.25,767.92,22375.0,24902.54,6573.08,3574.42,331.07
SYN00387,25/06/2022,"8,3,41,48,33,18",20,,,51425804.94,4433714.11,246.17,151222.18,1741.23,93026.51,23980.18,1161.44,3803.04,1267.41
SYN00388,28/06/2022,"37,14,25,35,19,43",16,,,68248959.62,1430046.84,233.22,37269.17,655.34,51988.76,23534.26,8172.56,1048.84,376.78
SYN00389,30/06/2022,"32,49,42,45,1,36",10,,,40980062.62,503699.02,53.85,62472.9,293.32,90663.32,11205.57,6084.46,2862.9,1538.13
SYN00390,02/07/2022,"29,35,36,18,48,13",13,,,64950248.53,2315227.17,213.63,144116.55,476.48,24692.91,22920.18,3991.19,4170.26,1662.5
SYN00391,05/07/2022,"12,25,45,28,33,4",32,,,44031479.75,4370143.57,169.0,130296.01,809.43,87968.66,16156.93,6931.26,3798.78,491.98
SYN00392,07/07/2022,"5,47,46,25,10,9",24,,,54531692.3,2604124.72,137.67,146312.31,1254.1,36856.82,6398.4,6904.51,2922.94,1946.05
SYN00393,09/07/2022,"40,21,23,45,17,11",25,,,67085131.56,3261030.64,201.84,188600.61,608.23,22564.29,21455.11,8758.54,3120.14,1041.19
SYN00394,12/07/2022,"18,20,46,15,10,23",11,,,56908889.95,2120587.04,178.53,117272.45,1189.51,42797.77,28419.83,4078.89,4515.18,1293.26
SYN00395,14/07/2022,"29,13,37,39,11,19",26,,,61108662.29,3795075.36,93.32,177775.3,1135.56,92525.33,14335.09,6428.9,4132.19,525.3
SYN00396,16/07/2022,"19,49,18,6,44,25",46,,,40144408.47,4201534.21,80.88,215001.44,332.33,29261.56,10502.14,1139.74,1435.36,1841.93
SYN00397,19/07/2022,"31,41,1,44,3,37",9,,,50726951.69,1749280.85,35.48,156730.57,740.94,45645.0,28587.4,3967.95,4778.54,218.28
SYN00398,21/07/2022,"40,31,23,19,16,36",37,,,49688662.07,906545.95,233.63,153625.45,371.74,54131.75,20496.84,9787.4,523.71,1164.41
SYN00399,23/07/2022,"45,16,25,4,46,38",10,,,50474480.75,1528626.46,213.68,196902.46,467.26,89466.02,28937.11,2653.76,2183.86,1331.49
SYN00400,26/07/2022,"24,36,28,5,42,2",6,,,62025088.65,4625507.07,115.95,71701.94,788.47,45318.28,13554.39,5389.36,3369.84,317.39
SYN00401,28/07/2022,"2,44,46,17,22,35",42,,,60732300.12,1501370.76,213.65,195476.32,528.13,53888.38,18988.17,9855.91,4144.26,1454.69
SYN00402,30/07/2022,"15,30,11,32,34,10",33,,,55180970.2,844049.68,119.41,120044.23,671.29,29594.49,14614.26,7749.39,4788.72,1048.78
SYN00403,02/08/2022,"45,3,47,19,1,36",21,,,42842729.6,1877215.59,259.19,286622.69,496.81,20695.45,23431.86,3241.0,2597.47,656.21
SYN00404,04/08/2022,"8,10,12,35,15,6",24,,,66165847.93,1036237.64,207.94,103440.92,1957.93,83573.82,20538.93,7632.88,4688.48,473.55
SYN00405,06/08/2022,"30,33,42,46,26,45",30,,,67722723.7,1794997.79,138.08,38124.13,578.7,43967.86,26440.42,6870.79,2133.49,720.68
SYN00406,09/08/2022,"21,39,46,12,23,10",4,,,62446373.93,865520.71,241.73,248607.03,346.29,99867.34,6610.31,2550.9,4174.7,1132.54
SYN00407,11/08/2022,"15,2,19,17,47,12",6,,,45083675.72,510751.49,258.57,147848.36,355.59,90412.98,19901.32,4673.1,2100.18,425.29
SYN00408,13/08/2022,"46,43,13,29,19,22",3,,,63392162.16,1234284.76,147.05,167752.03,260.58,78728.18,11588.68,1622.59,4282.4,1239.59
SYN00409,16/08/2022,"44,11,4,19,26,7",25,,,53351936.21,3598239.9,65.89,227097.38,537.55,66347.77,22687.09,5237.98,1603.23,1646.73
SYN00410,18/08/2022,"41,26,31,49,8,47",41,,,65468508.9,1544761.97,286.47,174882.74,1445.37,26415.71,25270.27,5107.95,2532.26,787.86
SYN00411,20/08/2022,"25,45,28,23,17,8",34,,,63846522.39,3732740.71,274.91,275213.34,681.13,15416.22,27292.31,5664.76,2527.11,670.06
SYN00412,23/08/2022,"44,17,42,30,47,46",26,,,69046125.72,3881776.35,63.02,100630.45,1008.46,91265.58,3637.18,1368.37,2186.1,1526.47
SYN00413,25/08/2022,"32,6,25,5,29,45",3,,,48993170.28,4776617.1,22.5,170512.77,1165.83,93622.51,25375.34,4734.29,4118.98,1137.8
SYN00414,27/08/2022,"30,36,4,11,20,33",19,,,65099104.58,1151818.4,176.92,57286.36,508.44,10509.39,13390.12,8186.0,516.02,1671.62
SYN00415,30/08/2022,"4,7,21,44,15,13",38,,,59719333.13,1699069.08,152.21,31197.98,250.97,23277.66,17094.43,6467.75,1205.84,1929.11
SYN00416,01/09/2022,"21,29,34,5,42,17",48,,,58451226.93,3412866.64,294.45,196752.69,1228.7,11259.53,25308.85,4406.76,3411.85,1200.93
SYN00417,03/09/2022,"39,7,42,20,34,26",12,,,63008521.16,776148.99,290.8,150572.06,1753.65,33611.33,26493.15,8510.15,505.76,1264.7
SYN00418,06/09/2022,"27,23,19,40,16,5",39,,,67819959.44,4406346.48,159.11,206700.38,1477.71,62291.54,10198.34,2346.68,1804.99,739.3
SYN00419,08/09/2022,"30,23,17,24,47,16",44,,,41596452.7,1954749.94,95.69,114716.03,235.38,91803.5,13371.8,3656.73,2760.58,1127.99
SYN00420,10/09/2022,"30,45,44,18,42,1",20,,,59162120.32,1455202.94,194.29,102300.08,407.0,92178.01,15758.41,1187.88,1405.71,587.23
SYN00421,13/09/2022,"11,7,4,19,21,23",34,,,62833069.88,523371.31,243.45,226145.08,285.09,37105.27,26056.36,2219.54,2235.88,882.72
SYN00422,15/09/2022,"21,15,9,12,34,23",13,,,69802776.68,3240085.47,165.5,42183.61,247.66,70568.66,19945.04,6380.63,3757.25,1225.22
SYN00423,17/09/2022,"18,28,44,35,36,5",2,,,50457899.07,1075358.05,171.62,78231.95,1900.44,16118.08,21496.01,4207.79,4693.08,1733.53
SYN00424,20/09/2022,"43,21,26,15,1,33",48,,,59287878.25,2334479.57,172.53,123930.99,761.86,63310.52,27290.62,1756.76,2541.12,1341.93
SYN00425,22/09/2022,"9,31,28,33,16,41",22,,,66892363.63,3415603.41,202.96,143109.45,1614.25,46744.24,5479.29,3881.38,1035.72,1715.09
SYN00426,24/09/2022,"40,43,17,32,47,33",33,,,54604093.4,1334260.62,91.32,294434.83,854.74,54003.36,13146.92,4426.17,4922.69,1432.54
SYN00427,27/09/2022,"28,36,42,38,24,2",33,,,40670063.05,3018560.5,247.9,58535.23,584.63,99565.34,16740.54,6491.39,4450.92,1352.18
SYN00428,29/09/2022,"8,14,39,37,15,42",22,,,66946769.65,4164519.68,157.51,146668.44,743.45,59377.47,6600.66,2755.61,819.15,548.95
SYN00429,01/10/2022,"5,2,34,22,31,1",3,,,54426588.49,4086270.29,186.89,107465.95,1261.7,43888.35,17437.02,8706.25,3313.32,396.21
SYN00430,04/10/2022,"45,6,18,49,46,14",27,,,59112955.78,4884257.69,214.92,208886.38,262.33,73484.84,17858.36,7941.61,1970.97,1821.34
SYN00431,06/10/2022,"35,2,32,3,33,36",43,,,59941260.78,4156760.39,227.59,213290.77,1795.24,19750.8,22816.63,4111.16,763.14,472.59
SYN00432,08/10/2022,"14,41,8,47,10,18",17,,,44285395.29,765375.91,186.56,215309.41,890.61,89208.13,11294.78,9753.08,4014.97,1334.76
SYN00433,11/10/2022,"5,41,4,26,34,10",12,,,67735671.14,1091162.18,273.46,234492.66,1904.43,27800.8,7581.93,5458.82,4032.31,435.84
SYN00434,13/10/2022,"13,20,46,44,43,30",32,,,56482209.6,2537259.57,136.14,188019.64,819.12,62070.68,22120.52,2394.74,4535.01,535.73
SYN00435,15/10/2022,"2,8,36,7,49,28",40,,,60775059.68,678889.27,68.86,263919.03,1026.87,30274.29,10503.81,2505.55,546.06,775.81
SYN00436,18/10/2022,"33,35,47,34,16,8",24,,,61529592.57,4944689.85,218.96,265977.36,1873.92,51883.7,9542.9,4049.25,1339.8,1105.42
SYN00437,20/10/2022,"16,39,30,17,11,23",17,,,53166287.4,1381734.06,79.32,82607.97,1362.96,27454.98,14516.28,8906.39,2211.86,1096.99
SYN00438,22/10/2022,"12,36,11,44,2,4",11,,,65489824.44,1341916.33,188.32,110050.96,634.95,76543.26,22078.99,2916.16,2245.4,1721.31
SYN00439,25/10/2022,"24,4,32,44,34,13",14,,,63868904.19,4276111.76,107.84,269430.39,393.5,96729.27,18912.0,4837.84,4728.99,1718.99
SYN00440,27/10/2022,"47,37,28,26,45,4",31,,,62245005.91,3696833.41,86.16,236613.04,320.1,72216.2,5845.22,3598.04,4580.23,220.32
SYN00441,29/10/2022,"7,42,19,3,17,6",49,,,41137623.94,1997241.06,208.39,288592.39,411.74,56603.82,8896.84,3892.18,800.64,647.92
SYN00442,01/11/2022,"28,11,23,30,21,20",10,,,46577418.9,1048525.94,157.34,200587.75,1289.27,17980.82,10038.93,4143.69,4405.15,1706.92
SYN00443,03/11/2022,"23,40,26,32,29,14",41,,,51050943.59,1541638.26,96.2,191270.84,1303.78,79635.54,24345.12,5204.3,2261.37,209.45
SYN00444,05/11/2022,"37,41,25,18,30,4",17,,,47247188.42,2779137.74,295.71,246829.44,845.92,79464.72,12742.3,6926.85,3614.31,1719.93
SYN00445,08/11/2022,"16,48,8,3,12,10",24,,,53682156.78,4646784.48,226.04,60657.37,831.03,64495.69,9733.36,6659.1,1315.93,1404.65
SYN00446,10/11/2022,"49,35,34,30,37,48",41,,,65664477.27,1631225.2,60.54,40593.89,1974.69,47458.74,6044.92,4997.73,898.71,1109.43
SYN00447,12/11/2022,"40,26,44,32,42,2",42,,,69258756.33,2672441.23,34.29,174321.26,1596.99,29340.64,26296.98,3219.28,4704.39,1584.53
SYN00448,15/11/2022,"5,48,47,28,34,46",25,,,52508600.72,2328043.27,182.12,83252.31,822.39,19228.05,21878.14,9325.56,1281.73,508.59
SYN00449,17/11/2022,"21,23,29,46,37,47",23,,,40035491.44,3133503.4,124.2,164077.03,612.08,88151.84,16118.4,2734.06,1444.58,1547.98
SYN00450,19/11/2022,"36,41,26,31,18,38",34,,,51745874.17,2961149.45,200.69,75642.45,1476.07,70133.48,25785.7,2682.63,2741.33,1042.61
SYN00451,22/11/2022,"48,40,23,14,13,45",37,,,41010470.15,3414601.95,271.38,153270.45,1259.96,61544.94,14775.81,5635.46,4950.39,985.89
SYN00452,24/11/2022,"4,36,25,41,9,2",33,,,64335651.24,4872034.66,152.13,208515.1,882.28,28975.19,5648.25,5711.38,2041.52,1462.13
SYN00453,26/11/2022,"31,44,5,2,8,41",4,,,41816237.85,3049126.99,130.67,87686.53,1581.83,94552.56,18100.97,3351.97,3463.83,1915.06
SYN00454,29/11/2022,"47,46,16,44,34,3",39,,,63150038.78,4148669.58,242.04,124721.22,252.05,75156.39,3304.46,7754.74,996.65,1126.22
SYN00455,01/12/2022,"22,17,23,28,16,35",23,,,45885892.59,1916532.47,210.44,156560.39,260.75,75459.87,14101.37,2284.35,2309.59,548.81
SYN00456,03/12/2022,"1,18,28,14,30,34",10,,,69260822.05,2103476.54,189.23,60307.69,239.62,15650.88,19305.97,4986.94,2239.26,436.14
SYN00457,06/12/2022,"36,47,13,38,49,29",33,,,68802584.06,4085548.09,272.2,163941.22,300.99,81754.41,22290.21,9040.11,3113.97,325.33
SYN00458,08/12/2022,"31,32,33,7,13,14",15,,,61387790.13,1861266.56,34.78,264218.16,804.23,84385.77,11009.48,3455.53,2154.3,1469.78
SYN00459,10/12/2022,"29,40,30,46,26,5",4,,,46627968.27,1889618.85,220.83,109276.15,681.54,51340.32,19685.81,6685.66,4706.57,409.38
SYN00460,13/12/2022,"41,16,14,11,24,2",44,,,60158347.93,3102329.78,81.61,90220.64,1253.42,94327.52,16660.89,2238.25,4354.22,1053.47
SYN00461,15/12/2022,"15,7,49,4,41,48",20,,,41146667.37,3835329.56,106.52,283918.78,1877.51,61992.76,11417.46,2133.61,2626.1,525.85
SYN00462,17/12/2022,"48,8,16,7,29,19",46,,,63523864.03,2623572.96,179.91,49547.09,1458.35,23996.25,28653.56,3048.2,4622.9,1644.89
SYN00463,20/12/2022,"38,45,41,8,32,23",14,,,42656891.5,816020.43,111.41,231220.48,1257.29,93718.97,18007.36,8125.0,2164.33,869.2
SYN00464,22/12/2022,"21,24,10,30,49,40",6,,,49997164.26,683559.32,59.71,54197.39,594.75,66452.96,8569.62,3727.6,2711.96,1372.31
SYN00465,24/12/2022,"33,4,20,27,32,42",17,,,47574305.78,1495998.19,150.37,45064.6,696.23,59547.06,11850.7,7315.93,2698.17,801.59
SYN00466,27/12/2022,"9,35,49,7,42,26",11,,,47002010.52,2492275.91,245.27,253988.62,431.26,67597.3,25268.48,9378.53,616.17,1362.62
SYN00467,29/12/2022,"2,3,5,23,36,25",42,,,42846268.63,2601999.29,131.92,32930.34,1752.94,69817.57,25238.18,2093.14,1604.09,380.04
SYN00468,31/12/2022,"43,40,28,49,39,16",5,,,43582468.25,2450954.49,256.12,163487.85,238.46,79569.54,29435.56,2726.6,959.7,1157.19
SYN00469,03/01/2023,"48,20,44,45,28,47",25,,,41628187.79,1494367.22,36.97,72723.6,340.84,18022.65,17558.76,6272.6,1461.53,531.98
SYN00470,05/01/2023,"12,6,42,23,32,2",38,,,51395555.78,835244.59,41.72,216221.53,575.57,99066.48,13898.53,7076.49,4390.0,543.25
SYN00471,07/01/2023,"4,1,45,36,6,7",1,,,53457832.32,3246134.12,156.6,148648.0,1397.36,35155.83,12495.45,8434.1,1386.91,1579.92
SYN00472,10/01/2023,"13,8,47,45,24,44",14,,,41832225.59,4542495.58,111.85,57440.92,1285.73,79729.23,14662.95,3929.28,2886.09,1899.15
SYN00473,12/01/2023,"37,5,40,22,11,10",18,,,57336573.68,1478187.4,78.31,43906.94,586.17,63168.58,18453.24,9444.61,629.64,1369.36
SYN00474,14/01/2023,"40,49,19,21,3,26",45,,,51108404.29,1365425.58,180.57,233582.76,1923.99,15035.61,18879.61,8592.3,1574.35,1226.67
SYN00475,17/01/2023,"14,46,31,35,22,21",37,,,68548727.25,1330750.64,181.26,75905.64,725.59,68166.8,10225.82,8075.33,1958.54,1603.4
SYN00476,19/01/2023,"23,25,7,8,14,12",3,,,53473217.6,3407480.06,278.51,97752.3,510.39,38431.5,14412.3,4482.47,2627.46,761.53
SYN00477,21/01/2023,"9,24,48,40,28,33",46,,,57812750.83,4882697.97,164.53,53726.0,1653.3,27839.56,15121.01,7117.1,4798.0,1643.67
SYN00478,24/01/2023,"14,13,10,8,35,20",16,,,55671257.12,892724.94,127.6,286963.4,1897.68,36798.93,24982.89,6992.64,1009.01,211.63
SYN00479,26/01/2023,"33,42,40,2,1,38",31,,,44621713.28,1166946.94,85.24,148053.69,978.78,55010.24,20227.96,6382.68,514.77,1260.79
SYN00480,28/01/2023,"11,17,7,25,8,27",34,,,47974592.21,1422319.53,53.48,47515.92,375.45,44271.41,19618.14,3367.71,4530.16,355.62
SYN00481,31/01/2023,"23,42,11,4,30,36",43,,,62636263.68,2458050.44,161.04,176162.98,1612.53,66012.0,3096.01,5933.62,1252.33,1110.05
SYN00482,02/02/2023,"23,43,12,19,30,1",46,,,59567959.02,4145308.46,162.34,161381.83,873.83,24107.23,13399.84,7184.55,776.07,271.76
SYN00483,04/02/2023,"32,20,34,1,14,36",2,,,69791426.67,1017802.56,76.98,148254.61,1573.97,65130.35,25267.29,1265.84,4099.5,1701.67
SYN00484,07/02/2023,"16,37,49,6,18,43",10,,,64710497.83,766935.16,35.34,153933.22,262.89,52482.39,7982.78,5033.33,873.01,523.15
SYN00485,09/02/2023,"40,15,36,44,11,31",16,,,47088841.13,4502441.31,186.42,253430.63,886.88,11590.84,7413.61,2855.97,2686.33,809.26
SYN00486,11/02/2023,"46,6,2,21,25,47",31,,,68872754.89,4747417.62,23.13,148750.87,1000.61,91226.87,19848.4,6509.14,3760.6,1262.43
SYN00487,14/02/2023,"18,25,10,6,13,35",42,,,49187297.87,4189283.22,20.48,237394.91,1598.18,96104.07,12975.93,1459.61,898.36,397.71
SYN00488,16/02/2023,"41,4,23,7,31,32",33,,,52427782.07,1172762.93,39.56,237593.36,1636.92,39077.81,21601.18,1160.97,1818.12,955.46
SYN00489,18/02/2023,"16,43,34,48,23,36",44,,,40659851.67,524310.91,81.42,41608.95,1482.68,63211.25,18424.69,9661.82,3079.45,1600.37
SYN00490,21/02/2023,"25,14,12,37,33,27",16,,,49086773.19,4558757.41,113.6,257103.68,1242.9,30829.54,19352.43,8672.99,3755.85,242.15
SYN00491,23/02/2023,"37,39,33,18,8,40",32,,,55256357.09,4201998.48,188.15,72000.94,842.63,74440.65,28116.16,3840.42,4807.08,1671.54
SYN00492,25/02/2023,"37,3,40,6,29,20",9,,,54633338.62,2986296.15,123.56,176046.06,1449.25,17651.35,24256.4,7222.1,1095.17,267.05
SYN00493,28/02/2023,"26,31,9,2,18,46",40,,,44129131.18,4315372.43,126.45,247857.47,211.42,46231.66,15278.55,4817.1,4147.26,979.48
SYN00494,02/03/2023,"25,10,36,30,35,33",14,,,46690262.76,600685.93,68.7,140573.42,1846.1,41847.47,9964.75,8126.85,4850.39,1876.35
SYN00495,04/03/2023,"7,21,6,18,14,37",7,,,67352683.84,2244284.29,241.31,143036.73,1770.48,40625.49,16073.4,7893.5,2751.23,534.85
SYN00496,07/03/2023,"21,47,39,4,22,40",1,,,66604676.71,2956512.66,253.39,162931.89,1849.62,46340.75,12440.5,8019.66,3896.48,1302.34
SYN00497,09/03/2023,"31,12,14,39,36,21",32,,,61612024.9,1894921.74,158.04,228460.24,1572.03,94588.38,13851.09,4010.67,1748.52,661.21
SYN00498,11/03/2023,"7,3,8,21,18,2",25,,,62121903.04,938139.7,96.54,87691.96,782.98,58832.4,10563.72,2804.71,2254.49,1071.02
SYN00499,14/03/2023,"22,26,10,24,35,42",3,,,64331510.46,1440823.57,238.99,85657.53,1577.45,96074.4,28725.43,9646.54,1782.97,638.22
SYN00500,16/03/2023,"43,22,24,8,7,18",7,,,49292171.06,2188244.76,113.66,195304.19,266.87,39096.07,10455.42,8501.03,2418.14,1180.1
